_id,address,addressNumber,created_at,email,fullName,phoneNumber
1,Leuschke Mountain,57,1650905281834,Melissa.Stamm84@hotmail.com,Nakia Towne,976-271-2917
5,Angelica Trail,70,1650905287833,Curt67@hotmail.com,Patsy Crist,(943) 744-1093
6,Beatty Lake,41,1650905289336,Savanah_Schuppe57@yahoo.com,Winona Pfannerstill,(449) 628-0465 x38423
7,Corwin Fall,47,1650905290737,Otis.Gerhold69@hotmail.com,Myah Bruen,745.882.5349 x50901
8,Quigley Point,75,1650905333342,Courtney25@hotmail.com,Kameron Hilll,1-711-897-4876 x61061
10,Lehner Drives,37,1650905336060,Delfina_Nikolaus91@hotmail.com,Melisa Littel,(907) 591-1801 x28684
9,Wuckert Plaza,53,1650905334826,Yadira.Fay@hotmail.com,Tiffany Purdy,751-614-6188 x983
12,Carroll Shoal,73,1650905338865,Jessie_Adams@yahoo.com,Dane Zemlak,1-510-718-8920
11,Avery Center,18,1650905337491,Laney_Klein52@yahoo.com,Hettie Waters,(839) 214-5465
13,Evans Via,51,1650905340294,Asa36@yahoo.com,Treva Jenkins,837-757-3113 x4926
14,Jaskolski Light,62,1650905341663,Scarlett80@gmail.com,Timmy Prosacco,521-491-1157
15,Romaguera Crest,35,1650905343088,Myrtle.Beahan@hotmail.com,Lulu Lowe,496-478-8457 x3778
16,Hailie Well,72,1650905344121,Isidro.McDermott66@gmail.com,Barton Gleichner,412.654.3052 x6113
17,Marvin Fields,65,1650905345325,Madie19@yahoo.com,Naomie Friesen,723-587-5258 x126
18,Schaefer Glen,46,1650905346772,Billie56@yahoo.com,Erich Bergnaum,1-437-668-6713
19,White Greens,9,1650905348073,Maureen_Gerlach10@hotmail.com,Sean Predovic,1-399-902-9378 x8604
20,Josefa Spring,87,1650905349578,Rogelio52@gmail.com,Jedidiah Gulgowski,398-334-3387
21,Adonis Neck,46,1650905394829,Maximo16@gmail.com,Brad Hackett,1-808-274-0943 x476
22,Kulas Rue,84,1650905396273,Daija.Purdy61@gmail.com,Jarvis Gleichner,1-819-420-2625 x146
23,Annabell Union,83,1650905397577,Estelle.Connelly@yahoo.com,Elinore Rempel,855-246-6494
24,Torp Coves,69,1650905398974,Royal36@yahoo.com,Marshall Gislason,(803) 823-5237
25,Destini Road,44,1650905400297,Nils.Daugherty@hotmail.com,Lysanne Pollich,493.781.8995
26,Weimann Point,24,1650905402017,Odessa_Bashirian45@hotmail.com,Maxwell Fritsch,(607) 454-1405
27,Hintz Hill,98,1650905403793,Effie_Kassulke20@yahoo.com,Katarina Boyer,537.310.4997 x9513
28,Katheryn Fields,49,1650905405340,Arnold.Ernser60@gmail.com,Sebastian Skiles,626-983-4712 x1738
29,Lemke Skyway,31,1650905407030,Helen_Bechtelar@gmail.com,Tara Spencer,314.959.3958
30,Rohan Mountain,85,1650905408547,Chance71@hotmail.com,Aurelie Toy,439-768-2412
31,Tod Parkways,15,1650905410015,Camren.Kub@hotmail.com,Adan Bergstrom,866.789.3150
32,Queenie Glen,28,1650905411265,Monique.Terry44@yahoo.com,Uriel Lowe,(812) 757-2649 x37304
33,Leffler Pines,86,1650905412680,Elenora.Kunze@yahoo.com,Harley Blick,1-483-682-8269
34,Batz Trafficway,76,1650905456278,Maya_Roberts@yahoo.com,Clotilde Trantow,1-637-280-1810 x595
35,Reynolds Creek,45,1650905457723,Susie_Dicki25@yahoo.com,Franco Altenwerth,647.402.1608
36,Frederick Pass,99,1650905458956,Amie_Purdy43@yahoo.com,Ressie Ward,1-390-785-7848
37,Kameron Rapids,51,1650905460397,Rigoberto34@yahoo.com,Hettie Rohan,959.321.0243
38,Alexzander Highway,52,1650905461856,Britney8@yahoo.com,Lucie Beer,(731) 281-7950
39,Erdman Point,33,1650905463394,Jonatan88@gmail.com,Marguerite Schmeler,(989) 722-5883 x76563
40,Parker Pike,49,1650905464809,Dessie.Huels86@hotmail.com,Zula Windler,400-442-1809 x369
2,Jenkins Mountain,77,1650905283482,Chelsie69@hotmail.com,Camila Cassin,812.868.8656
41,Kirlin Spring,24,1650905466140,Sedrick.Ebert12@yahoo.com,Enrico Gutkowski,511.693.0887 x40908
42,Bins Island,79,1650905467546,Taya_Kerluke@hotmail.com,Orrin Gaylord,(860) 862-9675 x449
43,Abdullah Motorway,55,1650905468949,Nelle.Lynch@yahoo.com,Velma Sawayn,625.868.7331
44,Richard Terrace,87,1650905470275,Gianni.Blanda@hotmail.com,Gail Cummings,641-980-5853
45,Brennon Stravenue,8,1650905471611,Gail.OConnell56@gmail.com,Jedidiah Blick,(207) 747-7608 x8673
46,Mabelle Vista,48,1650905473031,Moises_Hegmann36@yahoo.com,Kathleen Wuckert,1-388-290-2558 x64064
47,Davis Terrace,98,1650905517728,Torey9@hotmail.com,Joel Wolff,282-366-3534
48,Reuben Greens,74,1650905519094,Oswald36@hotmail.com,Reece Nicolas,1-972-394-9556 x126
3,Legros Vista,88,1650905284810,Wanda.Spinka91@yahoo.com,Carroll Dibbert,607-597-0459 x487
49,Wehner Forks,58,1650905520492,Lenore.Lebsack61@hotmail.com,Myah Rowe,744-888-5650 x54637
50,Considine Brook,41,1650905521883,Eden72@hotmail.com,Eldred Mraz,811-304-7463 x3958
51,Abshire Pine,7,1650905523343,Justus_Hammes30@hotmail.com,Hassie Renner,878-911-7988
52,David Fields,99,1650905524708,Jo.Hermann@yahoo.com,Kaycee Yundt,216-273-5433
54,Robel Tunnel,74,1650905527131,Sigrid_Anderson3@yahoo.com,Guy Grady,599-530-8488 x15501
53,Padberg Corner,28,1650905525951,Idell.Littel@yahoo.com,Marilie Torphy,713.450.5456 x952
4,Cyrus Inlet,94,1650905286389,Matilda30@hotmail.com,Shea Dickinson,1-699-342-9893
55,Adrain Rest,18,1650905528546,Mya_Marvin90@yahoo.com,Aletha Altenwerth,(957) 808-6421
56,,,1650905529973,Khalid20@yahoo.com,Estefania Frami,736-720-0298
57,,,1650905531294,Emory.Haley@yahoo.com,Cyril Block,370.756.8905 x145
58,,,1650905532750,Oren_Gorczany69@yahoo.com,Celestino Boehm,(334) 563-4474
59,,,1650905534108,Anahi.West80@yahoo.com,Berry Schultz,416-388-9981 x8424
61,,,1650905580505,Hilma_Medhurst43@gmail.com,Josiah Wintheiser,260-507-7631
60,,,1650905579101,Jovanny.Reichert@yahoo.com,Nils Wuckert,204-910-7811 x7771
62,,,1650905581956,Rylee_Swift77@yahoo.com,Adolfo Towne,(457) 985-1158 x2971
64,,,1650905584811,Faustino.Durgan@hotmail.com,Therese Runolfsdottir,1-355-728-1246 x0265
63,,,1650905583346,Alisa86@gmail.com,Celia Hermiston,1-791-487-6808 x02162
65,,,1650905586036,Zora_Glover70@hotmail.com,Duncan Schuster,1-453-457-2050 x076
66,,,1650905587447,Chandler89@gmail.com,Claude Parisian,558.378.2104
67,,,1650905589210,Cayla80@yahoo.com,Gracie Bashirian,1-921-316-8649 x437
68,,,1650905590407,Nona.Cummerata99@gmail.com,Orion Gutkowski,1-899-844-5977 x2860
69,,,1650905591746,Spencer_Stiedemann@hotmail.com,Tommie Walter,528-890-1965 x27473
70,,,1650905593138,Talia_VonRueden@hotmail.com,Earl White,757.624.3296 x2593
71,,,1650905594514,Minnie_Kerluke@yahoo.com,Alvah Carter,(271) 240-7053
72,,,1650905595759,Catalina48@hotmail.com,Rowena Gorczany,522-387-5567 x332
73,,,1650905640513,Katelyn.Farrell@hotmail.com,Waino Schmidt,(513) 694-5011 x652
74,,,1650905642110,Camilla47@hotmail.com,Caroline White,415.238.4168 x33793
75,,,1650905643602,Erika.Olson28@gmail.com,Nyah Ziemann,788-417-4904
78,,,1650905647800,Halle35@hotmail.com,Frederic Nitzsche,(901) 473-6253 x01429
77,,,1650905646441,Henriette.Lebsack36@gmail.com,Ayana MacGyver,629-563-7319 x044
76,,,1650905645058,Suzanne_Dicki36@gmail.com,Breanna Dach,1-298-450-1084
79,,,1650905649235,Tyler75@yahoo.com,Tyreek Koss,(780) 347-1862 x134
80,,,1650905650636,Aurore_Simonis@hotmail.com,Garland Morissette,296.906.2720 x009
81,,,1650905651993,Marcelina.Gutkowski82@gmail.com,Vern Grady,404-470-4685 x1168
82,,,1650905653368,Lindsey20@hotmail.com,Devonte Ankunding,734.779.8877
84,,,1650905656199,Angeline61@yahoo.com,Verlie Labadie,(559) 657-5348 x9274
83,,,1650905654741,Harry_Kutch@yahoo.com,Hillard Fisher,790-419-9137
86,,,1650905702110,Emily_DuBuque@hotmail.com,Felipa Carroll,1-691-547-3238 x6594
85,,,1650905657586,Beaulah43@hotmail.com,Linnie Auer,(894) 419-4046 x259
87,,,1650905703776,Jared3@yahoo.com,Remington Adams,(818) 921-7738 x41173
88,,,1650905705257,Laurianne13@hotmail.com,Kristin White,(671) 985-4896
89,,,1650905706609,Kristoffer23@gmail.com,Arnold Reichel,778-292-1919 x914
90,,,1650905707924,Roel.Kris@hotmail.com,Broderick Morar,692-201-3397 x737
91,,,1650905709325,Avery_Miller@hotmail.com,Weldon Reichel,586.447.7050 x585
93,,,1650905712210,Mertie_Considine@hotmail.com,Chelsey Mayer,1-551-507-3306
92,,,1650905710768,Madilyn_Ritchie22@hotmail.com,Ivah Wehner,(615) 546-0440 x8221
94,,,1650905713560,Aletha.Schmidt7@yahoo.com,Camron Little,1-478-750-9792
96,,,1650905716314,Justina.Bruen58@yahoo.com,Branson Hermann,676-745-5588 x500
95,,,1650905714946,Lisa_Osinski65@gmail.com,Colt Gleichner,810-618-0889
97,,,1650905717722,Ward.Daniel@yahoo.com,Jonathon Lemke,383-504-7580
99,,,1650905763778,Filiberto.Corwin62@yahoo.com,Liliane Zboncak,617-571-6218
98,,,1650905719145,Reanna.Zboncak79@yahoo.com,Burnice Nienow,325.732.6181 x74721
100,,,1650905765295,Nolan_Batz@gmail.com,Keeley Bartell,963.944.8507
